semantics,rows,disagreement_rate,facility_mismatch_rate,impossible_rate,missing_rate,correction_share,seed
current,100000,0.97108,0.46415,0.34704,0.0,0.0,7
valid,100000,0.06051,0.00431,0.0,0.0,0.0,7
bitemporal,100000,0.0,0.0,0.0,0.0,0.0,7
current,100000,0.96037,0.46751,0.28679,0.0,0.05,7
valid,100000,0.07713,0.00914,0.0,0.0,0.05,7
bitemporal,100000,0.0,0.0,0.0,0.0,0.05,7
current,100000,0.96068,0.47052,0.28679,0.0,0.15,7
valid,100000,0.12143,0.02163,0.0,0.0,0.15,7
bitemporal,100000,0.0,0.0,0.0,0.0,0.15,7
current,100000,0.95727,0.47024,0.22032,0.0,0.3,7
valid,100000,0.1618,0.02753,0.0,0.0,0.3,7
bitemporal,100000,0.0,0.0,0.0,0.0,0.3,7
current,100000,0.9544,0.47336,0.19189,0.0,0.5,7
valid,100000,0.23262,0.03959,0.0,0.0,0.5,7
bitemporal,100000,0.0,0.0,0.0,0.0,0.5,7
current,100000,0.94824,0.30699,0.14333,0.0,0.0,11
valid,100000,0.07727,0.00381,0.0,0.0,0.0,11
bitemporal,100000,0.0,0.0,0.0,0.0,0.0,11
current,100000,0.94545,0.30801,0.14333,0.0,0.05,11
valid,100000,0.10694,0.00751,0.0,0.0,0.05,11
bitemporal,100000,0.0,0.0,0.0,0.0,0.05,11
current,100000,0.94768,0.31,0.14333,0.0,0.15,11
valid,100000,0.14252,0.0111,0.0,0.0,0.15,11
bitemporal,100000,0.0,0.0,0.0,0.0,0.15,11
current,100000,0.95587,0.28699,0.09056,0.0,0.3,11
valid,100000,0.20937,0.01567,0.0,0.0,0.3,11
bitemporal,100000,0.0,0.0,0.0,0.0,0.3,11
current,100000,0.96178,0.29486,0.06445,0.0,0.5,11
valid,100000,0.26504,0.02844,0.0,0.0,0.5,11
bitemporal,100000,0.0,0.0,0.0,0.0,0.5,11
current,100000,0.95727,0.38879,0.12602,0.0,0.0,19
valid,100000,0.07909,0.00886,0.0,0.0,0.0,19
bitemporal,100000,0.0,0.0,0.0,0.0,0.0,19
current,100000,0.95711,0.39022,0.09489,0.0,0.05,19
valid,100000,0.09793,0.01197,0.0,0.0,0.05,19
bitemporal,100000,0.0,0.0,0.0,0.0,0.05,19
current,100000,0.95906,0.3953,0.07891,0.0,0.15,19
valid,100000,0.11958,0.01798,0.0,0.0,0.15,19
bitemporal,100000,0.0,0.0,0.0,0.0,0.15,19
current,100000,0.9672,0.39647,0.06106,0.0,0.3,19
valid,100000,0.16327,0.02358,0.0,0.0,0.3,19
bitemporal,100000,0.0,0.0,0.0,0.0,0.3,19
current,100000,0.97125,0.39832,0.03155,0.0,0.5,19
valid,100000,0.22165,0.03128,0.0,0.0,0.5,19
bitemporal,100000,0.0,0.0,0.0,0.0,0.5,19
current,100000,0.94751,0.35416,0.19356,0.0,0.0,23
valid,100000,0.03861,0.00323,0.0,0.0,0.0,23
bitemporal,100000,0.0,0.0,0.0,0.0,0.0,23
current,100000,0.94823,0.35537,0.18457,0.0,0.05,23
valid,100000,0.0585,0.00602,0.0,0.0,0.05,23
bitemporal,100000,0.0,0.0,0.0,0.0,0.05,23
current,100000,0.95219,0.3409,0.16032,0.0,0.15,23
valid,100000,0.09336,0.00938,0.0,0.0,0.15,23
bitemporal,100000,0.0,0.0,0.0,0.0,0.15,23
current,100000,0.94856,0.32161,0.14736,0.0,0.3,23
valid,100000,0.13513,0.01279,0.0,0.0,0.3,23
bitemporal,100000,0.0,0.0,0.0,0.0,0.3,23
current,100000,0.95851,0.34464,0.11315,0.0,0.5,23
valid,100000,0.2171,0.02127,0.0,0.0,0.5,23
bitemporal,100000,0.0,0.0,0.0,0.0,0.5,23
current,100000,0.96533,0.41362,0.26013,0.0,0.0,31
valid,100000,0.061,0.00886,0.0,0.0,0.0,31
bitemporal,100000,0.0,0.0,0.0,0.0,0.0,31
current,100000,0.96413,0.4158,0.22811,0.0,0.05,31
valid,100000,0.07962,0.01274,0.0,0.0,0.05,31
bitemporal,100000,0.0,0.0,0.0,0.0,0.05,31
current,100000,0.96717,0.41775,0.18107,0.0,0.15,31
valid,100000,0.12231,0.01469,0.0,0.0,0.15,31
bitemporal,100000,0.0,0.0,0.0,0.0,0.15,31
current,100000,0.95641,0.42122,0.15572,0.0,0.3,31
valid,100000,0.17474,0.02622,0.0,0.0,0.3,31
bitemporal,100000,0.0,0.0,0.0,0.0,0.3,31
current,100000,0.95139,0.42676,0.098,0.0,0.5,31
valid,100000,0.23416,0.03741,0.0,0.0,0.5,31
bitemporal,100000,0.0,0.0,0.0,0.0,0.5,31
