semantics,rows,disagreement_rate,facility_mismatch_rate,impossible_rate,missing_rate,late_arrival_share,seed
current,100000,0.95949,0.46899,0.28679,0.0,0.0,7
valid,100000,0.07786,0.01774,0.0,0.0,0.0,7
bitemporal,100000,0.0,0.0,0.0,0.0,0.0,7
current,100000,0.95961,0.46913,0.28679,0.0,0.05,7
valid,100000,0.09586,0.02024,0.0,0.0,0.05,7
bitemporal,100000,0.0,0.0,0.0,0.0,0.05,7
current,100000,0.96068,0.47052,0.28679,0.0,0.1,7
valid,100000,0.12143,0.02163,0.0,0.0,0.1,7
bitemporal,100000,0.0,0.0,0.0,0.0,0.1,7
current,100000,0.96357,0.47663,0.28679,0.0,0.2,7
valid,100000,0.161,0.02774,0.0,0.0,0.2,7
bitemporal,100000,0.0,0.0,0.0,0.0,0.2,7
current,100000,0.96408,0.48154,0.28679,0.0,0.3,7
valid,100000,0.2043,0.03547,0.0,0.0,0.3,7
bitemporal,100000,0.0,0.0,0.0,0.0,0.3,7
current,100000,0.93981,0.30958,0.14333,0.0,0.0,11
valid,100000,0.07784,0.00768,0.0,0.0,0.0,11
bitemporal,100000,0.0,0.0,0.0,0.0,0.0,11
current,100000,0.94434,0.3099,0.14333,0.0,0.05,11
valid,100000,0.11635,0.01076,0.0,0.0,0.05,11
bitemporal,100000,0.0,0.0,0.0,0.0,0.05,11
current,100000,0.94768,0.31,0.14333,0.0,0.1,11
valid,100000,0.14252,0.0111,0.0,0.0,0.1,11
bitemporal,100000,0.0,0.0,0.0,0.0,0.1,11
current,100000,0.94979,0.31269,0.14333,0.0,0.2,11
valid,100000,0.19988,0.01402,0.0,0.0,0.2,11
bitemporal,100000,0.0,0.0,0.0,0.0,0.2,11
current,100000,0.95018,0.31547,0.14333,0.0,0.3,11
valid,100000,0.22946,0.01942,0.0,0.0,0.3,11
bitemporal,100000,0.0,0.0,0.0,0.0,0.3,11
current,100000,0.95637,0.39014,0.07891,0.0,0.0,19
valid,100000,0.06728,0.0099,0.0,0.0,0.0,19
bitemporal,100000,0.0,0.0,0.0,0.0,0.0,19
current,100000,0.95906,0.39068,0.07891,0.0,0.05,19
valid,100000,0.0979,0.01323,0.0,0.0,0.05,19
bitemporal,100000,0.0,0.0,0.0,0.0,0.05,19
current,100000,0.95906,0.3953,0.07891,0.0,0.1,19
valid,100000,0.11958,0.01798,0.0,0.0,0.1,19
bitemporal,100000,0.0,0.0,0.0,0.0,0.1,19
current,100000,0.96019,0.39674,0.07891,0.0,0.2,19
valid,100000,0.16875,0.02157,0.0,0.0,0.2,19
bitemporal,100000,0.0,0.0,0.0,0.0,0.2,19
current,100000,0.96019,0.39998,0.07891,0.0,0.3,19
valid,100000,0.19622,0.02722,0.0,0.0,0.3,19
bitemporal,100000,0.0,0.0,0.0,0.0,0.3,19
current,100000,0.94875,0.34033,0.16032,0.0,0.0,23
valid,100000,0.05771,0.0069,0.0,0.0,0.0,23
bitemporal,100000,0.0,0.0,0.0,0.0,0.0,23
current,100000,0.94875,0.34033,0.16032,0.0,0.05,23
valid,100000,0.07627,0.00845,0.0,0.0,0.05,23
bitemporal,100000,0.0,0.0,0.0,0.0,0.05,23
current,100000,0.95219,0.3409,0.16032,0.0,0.1,23
valid,100000,0.09336,0.00938,0.0,0.0,0.1,23
bitemporal,100000,0.0,0.0,0.0,0.0,0.1,23
current,100000,0.95576,0.34356,0.16032,0.0,0.2,23
valid,100000,0.14135,0.01307,0.0,0.0,0.2,23
bitemporal,100000,0.0,0.0,0.0,0.0,0.2,23
current,100000,0.95987,0.34368,0.16032,0.0,0.3,23
valid,100000,0.19086,0.01976,0.0,0.0,0.3,23
bitemporal,100000,0.0,0.0,0.0,0.0,0.3,23
current,100000,0.96529,0.41373,0.18107,0.0,0.0,31
valid,100000,0.06702,0.00657,0.0,0.0,0.0,31
bitemporal,100000,0.0,0.0,0.0,0.0,0.0,31
current,100000,0.96541,0.41637,0.18107,0.0,0.05,31
valid,100000,0.10027,0.00921,0.0,0.0,0.05,31
bitemporal,100000,0.0,0.0,0.0,0.0,0.05,31
current,100000,0.96717,0.41775,0.18107,0.0,0.1,31
valid,100000,0.12231,0.01469,0.0,0.0,0.1,31
bitemporal,100000,0.0,0.0,0.0,0.0,0.1,31
current,100000,0.96779,0.41936,0.18107,0.0,0.2,31
valid,100000,0.16317,0.01719,0.0,0.0,0.2,31
bitemporal,100000,0.0,0.0,0.0,0.0,0.2,31
current,100000,0.9694,0.42533,0.18107,0.0,0.3,31
valid,100000,0.24054,0.02376,0.0,0.0,0.3,31
bitemporal,100000,0.0,0.0,0.0,0.0,0.3,31
