semantics,rows,leakage_rate,facility_mismatch_rate,impossible_rate,mean_abs_rel_error,missing_rate,late_arrival_share
current,100000,0.91623,0.45924,0.24294,0.5477684822532568,0.0,0.0
valid,100000,0.06864,0.01052,0.0,0.010953250042813225,0.0,0.0
bitemporal,100000,0.0,0.0,0.0,0.0,0.0,0.0
current,100000,0.93114,0.43447,0.27803,0.6219159889471245,0.0,0.05
valid,100000,0.07415,0.0139,0.0,0.0215638579044363,0.0,0.05
bitemporal,100000,0.0,0.0,0.0,0.0,0.0,0.05
current,100000,0.95276,0.37736,0.1725,0.5038111744077207,0.0,0.1
valid,100000,0.13724,0.01781,0.0,0.027268671207961337,0.0,0.1
bitemporal,100000,0.0,0.0,0.0,0.0,0.0,0.1
current,100000,0.95003,0.43866,0.11606,0.5728238066267025,0.0,0.2
valid,100000,0.15769,0.01329,0.0,0.02045293809901208,0.0,0.2
bitemporal,100000,0.0,0.0,0.0,0.0,0.0,0.2
current,100000,0.93496,0.35745,0.17094,0.6095214349461726,0.0,0.3
valid,100000,0.21466,0.0203,0.0,0.03137297606264167,0.0,0.3
bitemporal,100000,0.0,0.0,0.0,0.0,0.0,0.3
