semantics,rows,leakage_rate,facility_mismatch_rate,impossible_rate,mean_abs_rel_error,missing_rate,correction_share
current,100000,0.94665,0.39938,0.29993,0.42711144539118745,0.0,0.0
valid,100000,0.06631,0.00551,0.0,0.01096918108867655,0.0,0.0
bitemporal,100000,0.0,0.0,0.0,0.0,0.0,0.0
current,100000,0.9361,0.46481,0.24922,0.5921436997049561,0.0,0.05
valid,100000,0.07619,0.01551,0.0,0.010552170870067344,0.0,0.05
bitemporal,100000,0.0,0.0,0.0,0.0,0.0,0.05
current,100000,0.95276,0.37736,0.1725,0.5038111744077207,0.0,0.15
valid,100000,0.13724,0.01781,0.0,0.027268671207961337,0.0,0.15
bitemporal,100000,0.0,0.0,0.0,0.0,0.0,0.15
current,100000,0.96059,0.36948,0.11878,0.679155611955162,0.0,0.3
valid,100000,0.16419,0.0204,0.0,0.03234402525023286,0.0,0.3
bitemporal,100000,0.0,0.0,0.0,0.0,0.0,0.3
current,100000,0.93281,0.44076,0.17358,0.5585128490428407,0.0,0.5
valid,100000,0.23029,0.03025,0.0,0.05542533660584555,0.0,0.5
bitemporal,100000,0.0,0.0,0.0,0.0,0.0,0.5
